City_ID,City,Country,Lat,Lng,Max Temp,Humidity,Cloudiness,Wind Speed,Current Description
0,San Patricio,US,28.02,-97.52,68.0,68,1,4.7,clear sky
1,Itoman,JP,26.12,127.67,82.4,69,40,9.17,scattered clouds
2,Rikitea,PF,-23.12,-134.97,73.85,86,91,24.32,overcast clouds
3,Zheleznodorozhnyy,RU,55.75,38.0,41.0,100,90,8.95,fog
4,Sao Filipe,CV,14.9,-24.5,78.51,78,94,5.84,overcast clouds
5,Vila Velha,BR,-20.33,-40.29,69.8,77,90,16.11,overcast clouds
6,Tubigan,PH,8.53,124.31,87.01,64,98,5.99,overcast clouds
7,Ternate,ID,0.8,127.4,85.41,68,84,6.64,moderate rain
8,Busselton,AU,-33.65,115.33,61.0,82,99,4.9,overcast clouds
9,Yellowknife,CA,62.46,-114.35,12.0,85,75,11.41,light snow
10,Hobart,AU,-42.88,147.33,79.0,40,0,9.17,clear sky
11,Jamestown,US,42.1,-79.24,35.01,86,90,18.34,light rain
12,Goderich,CA,43.75,-81.72,35.6,90,100,33.33,overcast clouds
13,Iqaluit,CA,63.75,-68.51,15.8,78,90,4.7,light snow
14,Minas,UY,-34.38,-55.24,55.4,87,0,4.41,clear sky
15,Isla Mujeres,MX,21.23,-86.73,80.28,83,60,15.19,broken clouds
16,Alyangula,AU,-13.85,136.42,98.6,18,90,11.41,overcast clouds
17,Hovd,MN,48.01,91.64,31.37,83,0,1.25,clear sky
18,Mersing,MY,2.43,103.84,78.8,88,40,6.93,scattered clouds
19,Cukai,MY,4.25,103.42,84.2,79,20,4.7,few clouds
20,Miraflores,MX,19.22,-98.81,53.38,68,34,6.67,scattered clouds
21,Punta Arenas,CL,-53.15,-70.92,51.8,76,0,4.7,clear sky
22,Codrington,AU,-38.27,141.97,74.89,62,4,10.76,clear sky
23,Hilo,US,19.73,-155.09,84.2,62,40,4.7,scattered clouds
24,Dikson,RU,73.51,80.55,17.82,97,90,8.88,overcast clouds
25,Atuona,PF,-9.8,-139.03,77.45,79,79,13.65,light rain
26,Qaanaaq,GL,77.48,-69.36,2.62,73,0,5.73,clear sky
27,Bredasdorp,ZA,-34.53,20.04,64.4,82,100,13.87,overcast clouds
28,Hamilton,US,39.18,-84.53,39.2,44,90,8.05,overcast clouds
29,Kapaa,US,22.08,-159.32,80.6,74,90,11.41,overcast clouds
30,Port Alfred,ZA,-33.59,26.89,64.62,82,26,17.25,scattered clouds
31,Saint George,US,37.1,-113.58,66.2,14,1,6.93,clear sky
32,Nelson Bay,AU,-32.72,152.15,72.0,56,40,20.8,scattered clouds
33,Agadez,NE,19.75,10.25,62.6,36,6,11.03,clear sky
34,Port Elizabeth,ZA,-33.92,25.57,62.6,93,75,12.75,broken clouds
35,College,US,64.86,-147.8,-0.99,83,20,2.21,few clouds
36,Dunedin,NZ,-45.87,170.5,55.0,65,51,17.0,broken clouds
37,Tiksi,RU,71.69,128.87,-4.7,90,1,6.71,clear sky
38,Bluff,NZ,-46.6,168.33,57.99,57,48,10.0,scattered clouds
39,Biak,ID,-0.91,122.88,84.29,66,99,6.08,overcast clouds
40,Saint-Philippe,RE,-21.36,55.77,69.8,56,90,6.93,overcast clouds
41,Ribeira Grande,PT,38.52,-28.7,62.73,75,38,18.81,scattered clouds
42,Mount Gambier,AU,-37.83,140.77,80.6,32,15,14.99,few clouds
43,Los Llanos De Aridane,ES,28.66,-17.92,71.6,37,0,8.05,clear sky
44,Catuday,PH,16.29,119.81,80.92,77,100,16.71,light rain
45,Cabo San Lucas,MX,22.89,-109.91,80.01,67,0,3.0,clear sky
46,Tuatapere,NZ,-46.13,167.68,57.99,57,20,10.0,few clouds
47,Shingu,JP,33.73,135.98,66.2,93,75,6.93,mist
48,Ushuaia,AR,-54.8,-68.3,57.2,54,75,4.7,broken clouds
49,Hithadhoo,MV,-0.6,73.08,83.03,73,98,7.47,light rain
50,Pevek,RU,69.7,170.31,13.98,97,100,8.39,overcast clouds
51,Cayenne,GF,4.93,-52.33,77.0,94,96,6.93,light rain
52,New Norfolk,AU,-42.78,147.06,80.01,25,100,4.0,overcast clouds
53,Isabela,PH,6.71,121.97,86.0,74,75,9.17,broken clouds
54,Coihaique,CL,-45.58,-72.07,55.4,54,0,3.36,clear sky
55,Airai,TL,-8.93,125.41,79.88,42,97,4.05,overcast clouds
56,Tuktoyaktuk,CA,69.45,-133.04,12.2,92,90,16.11,light snow
57,Kitale,KE,1.02,35.01,53.96,89,55,1.3,broken clouds
58,Margate,GB,51.38,1.39,63.0,86,100,11.01,light rain
59,Port Lincoln,AU,-34.73,135.87,77.54,38,62,13.56,broken clouds
60,Ibresi,RU,55.3,47.04,34.63,92,98,5.53,overcast clouds
61,Barrow,US,71.29,-156.79,26.6,68,40,19.46,scattered clouds
62,Koudougou,BF,12.25,-2.37,77.63,23,0,7.72,clear sky
63,Georgetown,MY,5.41,100.34,82.4,83,20,6.93,few clouds
64,Vaini,TO,-21.2,-175.2,80.6,78,20,13.87,few clouds
65,Soyo,AO,-6.13,12.37,77.49,88,100,5.3,overcast clouds
66,Ambilobe,MG,-13.2,49.05,71.78,65,86,6.85,overcast clouds
67,Cape Town,ZA,-33.93,18.42,62.6,72,0,10.29,clear sky
68,Baruun-Urt,MN,46.68,113.28,22.01,71,0,10.87,clear sky
69,Vila Franca Do Campo,PT,37.72,-25.43,62.6,82,20,8.05,few clouds
70,Shirokiy,RU,49.76,129.52,24.85,96,100,9.82,light snow
71,Kieta,PG,-6.22,155.63,86.52,61,2,3.8,light rain
72,Aksarayskiy,RU,46.79,48.01,41.0,93,2,2.24,mist
73,La Rioja,ES,42.25,-2.5,55.99,77,63,5.84,broken clouds
74,Klaksvik,FO,62.23,-6.59,44.6,87,31,16.11,scattered clouds
75,Rawson,AR,-43.3,-65.1,74.46,26,99,24.92,overcast clouds
76,Tuy Hoa,VN,13.08,109.3,78.15,82,57,13.49,light rain
77,Teguise,ES,29.06,-13.56,68.0,77,100,9.17,overcast clouds
78,Owando,CG,-0.48,15.9,70.32,99,100,3.91,moderate rain
79,Muncar,ID,-8.43,114.33,85.78,63,52,6.53,broken clouds
80,Sao Joao Da Barra,BR,-21.64,-41.05,67.12,80,85,18.39,overcast clouds
81,Lompoc,US,34.64,-120.46,66.0,72,1,5.82,clear sky
82,Kitangari,TZ,-10.65,39.33,66.06,96,49,2.89,scattered clouds
83,Batagay,RU,67.63,134.63,-9.13,88,95,4.63,overcast clouds
84,Albany,US,42.6,-73.97,41.0,78,76,10.67,broken clouds
85,Columbia,US,34.0,-81.03,62.6,63,1,6.93,clear sky
86,Upernavik,GL,72.79,-56.15,16.57,92,99,4.0,overcast clouds
87,Beitbridge,ZW,-22.22,30.0,66.27,81,97,17.05,overcast clouds
88,Knysna,ZA,-34.04,23.05,55.4,100,0,2.24,clear sky
89,Longyearbyen,SJ,78.22,15.64,35.6,69,0,26.4,clear sky
90,Nadrag,RO,45.65,22.18,42.8,100,90,6.93,mist
91,Santa Cruz,BO,-17.8,-63.17,73.4,53,20,5.82,few clouds
92,Majene,ID,-3.54,118.97,86.27,63,100,7.56,overcast clouds
93,Adeje,ES,28.12,-16.73,73.4,40,0,21.92,clear sky
94,Kavieng,PG,-2.57,150.8,86.25,64,9,1.54,clear sky
95,Castro,BR,-24.79,-50.01,50.34,92,41,10.29,scattered clouds
96,Oga,IT,46.46,10.35,48.2,54,75,1.12,broken clouds
97,Tambun,ID,-6.26,107.07,91.0,83,75,12.75,broken clouds
98,Saskylakh,RU,71.92,114.08,-7.29,89,93,10.51,overcast clouds
99,Provideniya,RU,64.38,-173.3,26.6,63,0,6.71,clear sky
100,Yarim,YE,14.3,44.38,44.53,51,0,6.89,clear sky
101,Batsfjord,NO,70.63,29.72,42.4,80,100,30.4,overcast clouds
102,Voyvozh,RU,62.89,54.96,23.88,97,61,6.04,broken clouds
103,Barra Patuca,HN,15.8,-84.28,80.26,88,100,10.76,moderate rain
104,Joue-Les-Tours,FR,47.35,0.67,62.6,88,90,13.87,overcast clouds
105,Ishigaki,JP,24.34,124.16,82.4,61,75,17.22,broken clouds
106,Krasnyy Kommunar,RU,51.96,55.37,32.0,85,0,8.95,clear sky
107,Huarmey,PE,-10.07,-78.15,61.11,86,42,6.42,scattered clouds
108,Altamont,US,42.21,-121.74,57.0,45,1,3.36,clear sky
109,Bahia Blanca,AR,-38.72,-62.27,64.54,47,0,11.92,clear sky
110,Olafsvik,IS,64.89,-23.71,35.67,92,97,15.3,heavy intensity rain
111,Dunmore East,IE,52.15,-6.99,46.99,92,93,4.0,overcast clouds
112,Alto Longa,BR,-5.25,-42.21,80.4,70,46,8.57,scattered clouds
113,Nioki,CD,-2.72,17.68,71.31,98,100,3.67,light rain
114,Katsuura,JP,35.13,140.3,71.6,93,75,14.99,light rain
115,Rio Cuarto,AR,-33.13,-64.35,63.0,54,49,5.99,scattered clouds
116,Mataura,NZ,-46.19,168.86,57.99,57,53,10.0,broken clouds
117,Ironton,US,38.54,-82.68,41.0,60,90,14.99,overcast clouds
118,Kapoeta,SS,4.77,33.59,77.67,58,98,10.74,overcast clouds
119,Gat,IL,31.61,34.76,69.01,83,100,2.53,overcast clouds
120,Bartlesville,US,36.75,-95.98,35.6,80,1,1.43,clear sky
121,Bambous Virieux,MU,-20.34,57.76,69.01,93,40,4.7,scattered clouds
122,Koidu,SL,8.42,-10.83,71.11,94,11,0.87,light rain
123,North Bend,US,43.41,-124.22,53.01,87,1,3.27,clear sky
124,Sergach,RU,55.53,45.47,36.82,90,100,8.63,overcast clouds
125,Saldanha,ZA,-33.01,17.94,62.6,67,0,6.93,clear sky
126,Victoria,HK,22.29,114.16,80.01,60,100,10.45,overcast clouds
127,Caboolture,AU,-27.08,152.95,82.0,57,25,3.0,scattered clouds
128,Granger,US,41.75,-86.13,37.4,51,75,12.75,broken clouds
129,Puerto Ayora,EC,-0.74,-90.35,69.01,91,100,4.0,overcast clouds
130,Ratnagiri,IN,16.98,73.3,80.13,66,5,3.96,clear sky
131,Ancud,CL,-41.87,-73.82,50.0,87,6,2.24,clear sky
132,Bani Walid,LY,31.76,13.99,57.31,81,0,0.96,clear sky
133,Seoul,KR,37.57,126.98,57.2,28,1,5.82,clear sky
134,Lincoln,US,40.8,-96.67,37.0,50,1,6.98,clear sky
135,Brae,GB,60.4,-1.35,50.0,81,90,34.45,overcast clouds
136,Kodiak,US,57.79,-152.41,30.2,42,90,21.92,light snow
137,Severo-Kurilsk,RU,50.68,156.12,43.79,75,14,12.55,few clouds
138,Santiago,CL,-33.46,-70.65,64.0,67,0,9.17,clear sky
139,Guozhen,CN,34.37,107.36,61.52,28,15,2.01,few clouds
140,Buraydah,SA,26.33,43.98,60.8,48,0,3.36,clear sky
141,Constitucion,CL,-35.33,-72.42,51.49,90,30,5.79,scattered clouds
142,Peterhead,GB,57.51,-1.8,46.4,75,65,10.29,broken clouds
143,Labuhan,ID,-6.88,112.21,85.32,66,100,6.58,overcast clouds
144,Nurota,UZ,40.56,65.69,37.4,40,17,9.17,few clouds
145,Necochea,AR,-38.55,-58.74,55.0,75,8,7.0,clear sky
146,Khatanga,RU,71.97,102.5,6.57,95,100,6.73,overcast clouds
147,Tasiilaq,GL,65.61,-37.64,24.8,73,0,4.7,clear sky
148,Ponta Do Sol,PT,32.67,-17.1,68.0,82,40,5.82,scattered clouds
149,Kloulklubed,PW,7.04,134.26,86.0,74,75,8.05,broken clouds
150,Zhigansk,RU,66.77,123.37,2.75,92,100,22.01,overcast clouds
151,Razole,IN,16.48,81.83,85.01,63,0,1.92,clear sky
152,Touros,BR,-5.2,-35.46,80.6,78,75,11.41,broken clouds
153,Portland,US,45.52,-122.68,57.99,50,1,9.17,clear sky
154,Zeya,RU,53.75,127.27,19.94,86,100,8.93,overcast clouds
155,The Valley,AI,18.22,-63.06,82.99,78,75,12.75,broken clouds
156,Conde,BR,-7.26,-34.91,78.8,83,75,5.82,broken clouds
157,Altay,CN,47.87,88.12,37.42,62,80,1.92,broken clouds
158,Hirara,JP,24.8,125.28,80.6,65,75,14.99,broken clouds
159,Arraial Do Cabo,BR,-22.97,-42.03,68.43,71,4,16.91,clear sky
160,Botshabelo,ZA,-29.27,26.71,48.2,100,0,1.12,fog
161,Alekseyevsk,RU,57.84,108.35,17.92,85,3,6.44,clear sky
162,Carnarvon,AU,-24.87,113.63,73.4,49,40,16.11,scattered clouds
163,Haines Junction,CA,60.75,-137.51,8.6,78,100,1.12,overcast clouds
164,Rocha,UY,-34.48,-54.33,48.38,89,0,1.23,clear sky
165,Mahajanga,MG,-15.72,46.32,77.0,69,40,6.93,scattered clouds
166,Kiunga,PG,-6.12,141.29,86.47,68,99,2.57,overcast clouds
167,Erenhot,CN,43.65,111.98,27.43,68,0,14.81,clear sky
168,Calabozo,VE,8.92,-67.43,74.34,96,100,7.07,overcast clouds
169,Tiznit,MA,29.58,-9.5,66.99,29,0,3.6,clear sky
170,Bethel,US,41.37,-73.41,46.4,61,90,9.17,overcast clouds
171,Kibakwe,TZ,-6.72,36.37,63.1,92,41,4.25,scattered clouds
172,Santa Cruz De La Palma,ES,28.68,-17.76,71.6,37,0,8.05,clear sky
173,East London,ZA,-33.02,27.91,64.13,83,34,15.79,scattered clouds
174,Hermanus,ZA,-34.42,19.23,63.0,84,91,4.0,overcast clouds
175,Yulara,AU,-25.24,130.99,95.0,10,0,11.41,clear sky
176,Bam,IR,29.11,58.36,56.48,32,0,2.39,clear sky
177,Mahebourg,MU,-20.41,57.7,64.4,93,40,4.7,scattered clouds
178,Bathsheba,BB,13.22,-59.52,82.4,78,40,23.04,scattered clouds
179,Ola,RU,59.58,151.28,32.47,90,100,8.61,overcast clouds
180,Houma,US,29.6,-90.72,64.99,50,4,8.01,clear sky
181,Prince Rupert,CA,54.32,-130.32,51.8,66,90,27.51,light rain
182,Maxixe,MZ,-23.86,35.35,68.67,79,67,4.97,broken clouds
183,Lebu,CL,-37.62,-73.65,53.28,94,82,7.65,broken clouds
184,Kalmar,SE,56.66,16.36,54.0,100,100,17.22,overcast clouds
185,Port Blair,IN,11.67,92.75,83.3,71,19,5.32,few clouds
186,Lorengau,PG,-2.02,147.27,86.18,69,36,4.94,light rain
187,Nikolskoye,RU,59.7,30.79,35.6,100,90,6.71,overcast clouds
188,Cermik,TR,38.14,39.45,60.8,38,75,2.24,moderate rain
189,Navirai,BR,-23.07,-54.19,65.46,69,1,1.48,clear sky
190,Aksarka,RU,66.56,67.8,22.64,95,34,10.02,scattered clouds
191,Cockburn Town,TC,21.46,-71.14,81.79,77,98,17.65,overcast clouds
192,Cherskiy,RU,68.75,161.3,1.44,92,99,5.26,overcast clouds
193,Manoharpur,IN,27.3,75.95,62.6,45,0,4.59,haze
194,San Cristobal,VE,7.77,-72.22,66.85,91,97,1.79,light rain
195,Lagoa,PT,39.05,-27.98,61.84,70,44,17.34,scattered clouds
196,Haverfordwest,GB,51.8,-4.97,63.0,100,100,38.03,overcast clouds
197,Nanakuli,US,21.39,-158.15,82.4,65,40,9.17,scattered clouds
198,Hit,IQ,33.64,42.83,68.63,25,90,10.16,overcast clouds
199,Key Largo,US,25.09,-80.45,82.0,1,0,1.01,clear sky
200,Tutoia,BR,-2.76,-42.27,80.65,81,43,10.94,scattered clouds
201,Ritchie,ZA,-29.04,24.6,51.8,93,0,1.12,clear sky
202,Thompson,CA,55.74,-97.86,21.2,92,75,5.88,broken clouds
203,Pasni,PK,25.26,63.47,74.53,26,0,10.65,clear sky
204,Kaeo,NZ,-35.1,173.78,73.99,71,100,10.0,overcast clouds
205,Alpena,US,45.06,-83.43,32.0,93,90,11.41,overcast clouds
206,Broome,US,42.25,-75.83,36.0,74,75,20.8,broken clouds
207,Nantucket,US,41.28,-70.1,57.99,88,1,11.41,clear sky
208,Okhotsk,RU,59.38,143.3,23.25,87,100,19.64,overcast clouds
209,Eyl,SO,7.98,49.82,77.79,64,0,10.94,clear sky
210,Faya,SA,18.39,42.45,55.4,34,0,3.33,clear sky
211,Hammond,US,41.58,-87.5,35.6,50,1,4.7,clear sky
212,Fort Smith,US,35.39,-94.4,50.0,46,1,2.68,clear sky
213,Kungsbacka,SE,57.49,12.08,55.0,93,90,23.04,moderate rain
214,Avarua,CK,-21.21,-159.78,78.8,83,93,13.87,light rain
215,Culaman,PH,5.96,125.66,84.2,70,20,3.36,few clouds
216,Kharp,RU,66.8,65.81,22.84,94,70,8.68,broken clouds
217,Baykit,RU,61.67,96.37,27.99,96,100,6.58,light snow
218,Muzhi,RU,65.37,64.67,23.13,93,95,12.12,overcast clouds
219,Butaritari,KI,3.07,172.79,82.24,78,62,10.49,light rain
220,Salalah,OM,17.02,54.09,71.6,46,0,3.36,clear sky
221,Esperance,AU,-33.87,121.9,80.6,65,75,16.11,broken clouds
222,Lata,PT,40.16,-8.33,64.99,93,89,1.21,overcast clouds
223,Alexandria,EG,31.22,29.96,71.6,60,40,9.17,scattered clouds
224,Belaya Gora,RU,68.53,146.42,-2.04,89,99,9.1,overcast clouds
225,Lulea,SE,65.58,22.15,44.6,93,100,24.16,moderate rain
226,Bairiki,KI,1.33,172.98,86.0,70,75,12.75,broken clouds
227,Barra Da Estiva,BR,-13.63,-41.33,66.65,91,87,3.83,overcast clouds
228,Sri Aman,MY,1.24,111.46,84.2,79,40,2.24,scattered clouds
229,Pauini,BR,-7.71,-66.98,73.63,93,21,1.39,light rain
230,Accrington,GB,53.75,-2.36,57.99,98,100,5.01,overcast clouds
231,Sambava,MG,-14.27,50.17,68.72,74,3,8.7,clear sky
232,Loa Janan,ID,-0.58,117.09,77.02,92,100,3.04,heavy intensity rain
233,Vao,NC,-22.67,167.48,74.62,82,100,15.68,overcast clouds
234,Santa Rosalia,MX,27.32,-112.28,73.67,46,0,3.87,clear sky
235,Marsh Harbour,BS,26.54,-77.06,79.93,82,0,7.31,clear sky
236,Kilindoni,TZ,-7.91,39.67,77.83,79,1,9.24,light rain
237,Albanel,CA,48.88,-72.45,35.6,93,100,5.82,light rain
238,Sarny,UA,51.34,26.6,37.74,95,0,1.77,clear sky
239,Avera,US,33.19,-82.53,57.99,87,1,8.05,clear sky
240,Vestmannaeyjar,IS,63.44,-20.27,37.94,74,34,15.93,scattered clouds
241,Koroni,GR,36.8,21.95,61.0,87,0,1.5,clear sky
242,Grenville,GD,12.12,-61.62,78.8,88,75,6.93,broken clouds
243,Kungurtug,RU,50.6,97.52,27.84,80,40,1.28,scattered clouds
244,Can,TR,40.03,27.05,48.2,61,0,11.41,clear sky
245,Chokurdakh,RU,70.63,147.92,-0.53,93,100,12.41,light snow
246,San Pedro,PH,14.35,121.02,86.0,74,75,4.7,broken clouds
247,Fairbanks,US,64.84,-147.72,-0.99,83,20,2.3,few clouds
248,Chake Chake,TZ,-5.25,39.77,74.97,83,3,4.03,clear sky
249,Kihei,US,20.79,-156.47,84.2,62,40,11.41,scattered clouds
250,Chumikan,RU,54.72,135.31,19.69,96,100,9.33,light snow
251,Cidreira,BR,-30.18,-50.21,61.47,64,2,6.08,clear sky
252,Khao Wong,TH,16.7,104.09,80.6,69,0,4.7,clear sky
253,Aklavik,CA,68.22,-135.01,12.2,92,61,2.24,broken clouds
254,Belmonte,BR,-15.86,-38.88,68.0,88,75,6.93,moderate rain
255,Achutupo,PA,9.2,-77.98,78.69,82,97,12.77,overcast clouds
256,Yarada,IN,17.65,83.27,78.8,88,0,3.36,mist
257,Verkhneyarkeyevo,RU,55.45,54.31,30.24,96,0,2.71,clear sky
258,Santa Rosa,PH,14.31,121.11,86.0,74,75,4.7,broken clouds
259,San Ramon,US,37.78,-121.98,69.8,36,1,3.36,smoke
260,Pacifica,US,37.61,-122.49,64.99,55,75,11.41,broken clouds
261,Mahon,ES,39.89,4.27,62.6,88,0,8.05,clear sky
262,Clyde River,CA,70.47,-68.59,6.8,84,75,4.7,broken clouds
263,Contai,IN,21.78,87.75,81.45,81,60,8.52,broken clouds
264,Kutum,SD,14.2,24.67,68.9,35,0,16.24,clear sky
265,Broken Hill,AU,-31.95,141.43,82.4,24,27,9.17,scattered clouds
266,Ellensburg,US,47.0,-120.55,42.01,72,0,0.83,clear sky
267,Topolobampo,MX,25.6,-109.05,79.0,74,46,7.0,scattered clouds
268,Torbay,CA,47.67,-52.73,37.99,74,5,16.11,clear sky
269,Saint-Augustin,CA,51.23,-58.65,38.17,79,100,16.31,overcast clouds
270,Nemuro,JP,43.32,145.57,62.6,67,75,21.92,light intensity shower rain
271,Lazarev,RU,52.23,141.51,42.71,74,100,16.8,overcast clouds
272,Adrar,MR,20.5,-10.07,76.48,19,100,10.27,overcast clouds
273,Acari,PE,-15.43,-74.62,64.51,71,98,2.86,overcast clouds
274,Joshimath,IN,30.57,79.57,58.3,32,0,1.39,clear sky
275,Richards Bay,ZA,-28.78,32.04,64.15,95,100,6.82,moderate rain
276,Dali,CN,25.7,100.18,63.68,82,96,2.66,overcast clouds
277,Natal,BR,-5.79,-35.21,80.6,83,75,9.17,broken clouds
278,Oron,NG,4.83,8.23,75.99,92,99,2.26,overcast clouds
279,Faanui,PF,-16.48,-151.75,79.97,81,0,18.32,light rain
280,Forest Hills,US,42.96,-85.49,34.0,73,84,4.0,broken clouds
281,Mount Isa,AU,-20.73,139.5,93.2,9,0,8.05,clear sky
282,Cortez,US,37.35,-108.59,44.6,36,1,6.93,clear sky
283,Oistins,BB,13.07,-59.53,82.4,78,40,23.04,scattered clouds
284,Namalenga,TZ,-10.95,39.1,68.68,90,12,1.52,few clouds
285,Lavrentiya,RU,65.58,-171.0,22.1,87,21,6.89,few clouds
286,Mwinilunga,ZM,-11.74,24.43,64.13,52,86,2.33,overcast clouds
287,Qaqortoq,GL,60.72,-46.03,23.0,73,0,4.7,clear sky
288,Blairgowrie,GB,56.59,-3.34,46.0,91,44,5.99,scattered clouds
289,Mosalsk,RU,54.49,34.98,43.9,95,100,10.56,overcast clouds
290,Ahipara,NZ,-35.17,173.17,70.29,73,100,9.22,overcast clouds
291,Poum,NC,-20.23,164.02,78.84,75,59,11.3,light rain
292,Praia Da Vitoria,PT,38.73,-27.07,62.6,88,75,15.68,broken clouds
293,Vostok,RU,46.49,135.88,33.75,89,66,7.38,broken clouds
294,Wanning,CN,18.8,110.4,78.42,72,66,12.8,broken clouds
295,Luderitz,NA,-26.65,15.16,59.85,75,100,4.43,overcast clouds
296,Mar Del Plata,AR,-38.0,-57.56,60.01,93,0,4.7,clear sky
297,Inhambane,MZ,-23.86,35.38,69.64,76,68,5.79,broken clouds
298,Ithaca,US,42.44,-76.5,35.01,94,75,11.41,broken clouds
299,Srednekolymsk,RU,67.45,153.68,-2.69,91,88,7.54,overcast clouds
300,Nanortalik,GL,60.14,-45.24,32.02,89,0,39.35,clear sky
301,Magam,IN,34.08,74.58,53.24,40,0,0.98,clear sky
302,Zhezkazgan,KZ,47.8,67.71,42.1,52,100,6.06,overcast clouds
303,Ilulissat,GL,69.22,-51.1,19.4,67,100,9.17,overcast clouds
304,Mogadishu,SO,2.04,45.34,78.82,80,51,6.96,light rain
305,Mangaratiba,BR,-22.96,-44.04,64.4,82,0,3.36,clear sky
306,Chuy,UY,-33.7,-53.46,51.93,86,0,3.24,clear sky
307,Pacific Grove,US,36.62,-121.92,62.01,77,1,4.7,clear sky
308,Yar-Sale,RU,66.83,70.83,24.49,97,74,12.33,broken clouds
309,Parnamirim,BR,-5.92,-35.26,80.6,83,75,9.17,broken clouds
310,Kashi,CN,39.45,75.98,41.0,41,0,8.95,clear sky
311,Dicabisagan,PH,17.08,122.42,80.42,83,100,2.51,light rain
312,Abha,SA,18.22,42.51,55.4,34,0,3.69,clear sky
313,Najran,SA,17.49,44.13,55.4,32,0,0.51,clear sky
314,Pangnirtung,CA,66.15,-65.71,8.1,83,74,5.17,broken clouds
315,Purranque,CL,-40.92,-73.17,55.4,87,0,4.5,clear sky
316,Grajau,BR,-5.82,-46.14,78.64,63,69,1.34,broken clouds
317,Storm Lake,US,42.64,-95.21,33.8,43,1,5.82,clear sky
318,Bilecik,TR,40.0,30.17,32.0,100,0,2.24,clear sky
319,Norman Wells,CA,65.28,-126.83,3.2,84,75,3.36,broken clouds
320,Kodinsk,RU,58.69,99.18,31.82,97,100,10.27,overcast clouds
321,Cap-Aux-Meules,CA,47.38,-61.86,50.0,81,100,17.22,overcast clouds
322,Saint Anthony,US,45.02,-93.22,32.0,58,1,6.93,clear sky
323,Aljezur,PT,37.32,-8.8,62.78,89,71,6.2,broken clouds
324,Horsham,GB,51.06,-0.33,62.6,88,75,23.04,broken clouds
325,Dzaoudzi,YT,-12.79,45.27,73.4,88,0,4.7,clear sky
326,Lebedinyy,RU,58.52,125.52,-6.92,92,100,5.08,overcast clouds
327,Abu Zabad,SD,12.35,29.25,76.69,29,42,9.44,scattered clouds
328,Hajnowka,PL,52.74,23.58,39.99,85,100,1.01,overcast clouds
329,Takoradi,GH,4.88,-1.76,77.36,90,67,5.79,broken clouds
330,Angoche,MZ,-16.23,39.91,77.07,84,51,5.3,broken clouds
331,Geraldton,AU,-28.77,114.6,66.2,68,40,16.11,scattered clouds
332,Isangel,VU,-19.55,169.27,86.0,66,75,11.41,broken clouds
333,Kerouane,GN,9.27,-9.02,70.25,65,0,3.67,clear sky
334,Chambersburg,US,39.94,-77.66,41.0,44,40,25.28,scattered clouds
335,Shimoda,JP,34.67,138.95,69.8,73,75,12.75,broken clouds
336,Nuuk,GL,64.18,-51.72,23.0,100,6,5.82,light snow
337,Kaitangata,NZ,-46.28,169.85,54.0,61,91,11.01,overcast clouds
338,Sur,OM,22.57,59.53,73.38,23,0,1.12,clear sky
339,Kadnikov,RU,59.5,40.34,26.64,98,0,4.05,clear sky
340,Kahului,US,20.89,-156.47,84.2,62,40,11.41,scattered clouds
341,Kilkenny,IE,52.65,-7.25,46.0,92,100,9.22,overcast clouds
342,Bukachacha,RU,52.98,116.92,17.35,76,18,7.05,few clouds
343,Flin Flon,CA,54.77,-101.86,34.0,93,94,7.56,overcast clouds
344,Melfi,IT,41.0,15.65,46.4,87,75,13.87,broken clouds
345,Sawtell,AU,-30.38,153.1,71.6,64,75,23.04,broken clouds
346,Jalu,LY,29.03,21.55,61.23,69,1,5.21,clear sky
347,Grand Gaube,MU,-20.01,57.66,69.01,67,63,3.0,broken clouds
348,Karlskoga,SE,59.33,14.52,53.01,87,100,16.11,light rain
349,Husavik,IS,66.04,-17.34,39.2,51,90,6.93,overcast clouds
350,Leningradskiy,RU,69.38,178.42,16.92,83,82,4.45,broken clouds
351,Atar,MR,20.52,-13.05,79.29,19,100,8.19,overcast clouds
352,Cassilandia,BR,-19.11,-51.73,69.46,58,0,5.79,clear sky
353,Komsomolskiy,UZ,40.43,71.72,39.2,41,100,4.7,overcast clouds
354,Hofn,IS,64.25,-15.21,36.32,74,0,13.6,clear sky
355,Williamsburg,US,37.27,-76.71,57.2,87,40,10.29,scattered clouds
356,Heyang,CN,26.1,107.47,47.86,86,100,7.18,overcast clouds
357,Ulety,RU,51.36,112.48,19.76,84,69,9.69,broken clouds
358,Boyuibe,BO,-20.42,-63.28,64.36,42,5,4.38,clear sky
359,Mogoytuy,RU,51.28,114.92,20.3,81,0,12.44,clear sky
360,Cairns,AU,-16.92,145.77,91.0,43,0,12.75,clear sky
361,Mrkonjic Grad,BA,44.42,17.09,46.4,100,28,1.12,fog
362,Birjand,IR,32.87,59.22,33.8,15,0,4.7,clear sky
363,Zhangye,CN,38.93,100.45,47.82,43,0,1.99,clear sky
364,Prado,BR,-17.34,-39.22,69.55,92,100,7.9,light rain
365,Beloha,MG,-25.17,45.05,67.51,79,0,15.3,clear sky
366,Bengkulu,ID,-3.8,102.27,80.69,79,100,0.56,light rain
367,Bilma,NE,18.69,12.92,66.97,30,0,11.56,clear sky
368,Petropavlovsk-Kamchatskiy,RU,53.05,158.65,46.4,49,5,2.24,clear sky
369,Lasa,IT,46.62,10.7,48.2,81,75,5.82,broken clouds
370,Mareeba,AU,-17.0,145.43,91.0,44,0,8.99,clear sky
371,Suzun,RU,53.78,82.31,34.61,89,100,6.49,overcast clouds
372,Hohhot,CN,40.81,111.65,33.8,26,0,4.47,clear sky
373,Harper,LR,4.38,-7.72,77.02,89,12,5.95,few clouds
374,Pisco,PE,-13.7,-76.22,64.4,82,90,13.87,overcast clouds
375,Korla,CN,41.76,86.15,45.7,53,0,5.48,clear sky
376,Mehamn,NO,71.04,27.85,42.55,83,100,25.41,light rain
377,Antofagasta,CL,-23.65,-70.4,59.0,82,75,10.29,broken clouds
378,Grimstad,NO,58.34,8.59,57.0,93,100,16.11,light rain
379,Honiara,SB,-9.43,159.95,89.6,66,40,17.22,thunderstorm
380,La Asuncion,VE,11.03,-63.86,78.8,94,77,10.29,light rain
381,Svetlogorsk,BY,52.63,29.73,43.09,85,100,7.47,overcast clouds
382,Eau Claire,US,44.81,-91.5,28.99,49,1,6.73,clear sky
383,Chortomlyk,UA,47.62,34.14,49.68,89,100,16.02,light rain
384,Diyarb Najm,EG,30.75,31.44,66.2,72,40,4.7,haze
385,Labytnangi,RU,66.66,66.42,23.5,94,78,8.79,broken clouds
386,Emba,KZ,48.83,58.14,45.23,53,24,8.5,few clouds
387,Beian,NO,63.66,9.57,51.8,66,0,19.46,clear sky
388,Ulaanbaatar,MN,47.91,106.88,14.0,78,0,2.24,clear sky
389,Guerrero Negro,MX,27.98,-114.06,69.73,69,0,11.25,clear sky
390,Andenes,NO,69.31,16.12,50.0,71,100,25.28,overcast clouds
391,Kasongo-Lunda,CD,-6.47,16.82,69.89,92,100,1.32,overcast clouds
392,Vardo,NO,70.37,31.11,45.05,81,99,29.84,overcast clouds
393,Ahuimanu,US,21.44,-157.84,80.6,61,75,5.82,light rain
394,Talnakh,RU,69.49,88.4,19.4,85,75,4.47,light snow
395,Pangoa,PE,-12.12,-73.0,72.9,64,99,2.35,overcast clouds
396,Bansgaon,IN,26.56,83.35,66.2,93,40,1.12,mist
397,The Pas,CA,53.83,-101.25,37.4,74,1,13.87,clear sky
398,Ostrovnoy,RU,68.05,39.51,38.89,91,100,25.37,overcast clouds
399,Port Macquarie,AU,-31.43,152.92,66.2,93,90,11.41,overcast clouds
400,Abu Kamal,SY,34.45,40.92,68.34,30,96,6.96,overcast clouds
401,Koumac,NC,-20.57,164.28,80.13,64,72,5.88,broken clouds
402,Macamic,CA,48.75,-79.0,26.6,92,90,25.28,overcast clouds
403,Moerai,PF,-22.43,-151.33,76.71,83,100,13.47,overcast clouds
404,Boshnyakovo,RU,49.63,142.17,44.82,83,94,7.94,overcast clouds
405,Luorong,CN,24.41,109.61,66.56,68,98,13.49,overcast clouds
406,Dingle,PH,11.0,122.67,81.27,84,81,12.35,broken clouds
407,Yenagoa,NG,4.92,6.26,75.15,95,96,2.51,overcast clouds
408,Araouane,ML,18.9,-3.53,80.64,16,77,5.7,broken clouds
409,Amuntai,ID,-2.42,115.25,76.78,92,100,0.63,moderate rain
410,Caravelas,BR,-17.71,-39.25,71.47,87,100,10.33,overcast clouds
411,Ardatov,RU,55.24,43.1,40.44,94,100,8.28,overcast clouds
412,Yershov,RU,51.35,48.28,40.21,76,27,6.08,scattered clouds
413,Tari,NG,12.41,4.49,75.96,21,64,10.71,broken clouds
414,Sun City West,US,33.66,-112.34,88.0,23,90,3.36,overcast clouds
415,Ouricuri,BR,-7.88,-40.08,74.66,79,93,1.57,light rain
416,Mitsamiouli,KM,-11.38,43.28,76.96,75,100,11.05,overcast clouds
417,Rancho Palos Verdes,US,33.74,-118.39,72.0,33,0,5.99,clear sky
418,Prainha,BR,-1.8,-53.48,78.03,68,64,1.43,broken clouds
419,Elliot Lake,CA,46.38,-82.63,30.2,63,90,21.92,overcast clouds
420,Szabadszallas,HU,46.88,19.22,48.2,100,90,2.24,overcast clouds
421,Washougal,US,45.58,-122.35,59.0,41,1,20.8,clear sky
422,Pitimbu,BR,-7.47,-34.81,78.8,83,75,5.82,broken clouds
423,Nosy Varika,MG,-20.58,48.53,70.25,70,91,1.3,overcast clouds
424,Coquimbo,CL,-29.95,-71.34,55.4,87,40,2.24,scattered clouds
425,Khani,GE,41.96,42.96,57.2,82,90,11.41,overcast clouds
426,Bombay,IN,19.01,72.85,80.6,74,40,3.36,haze
427,Panzhihua,CN,26.59,101.71,62.35,74,99,5.17,light rain
428,Inirida,CO,3.87,-67.92,71.4,98,100,1.63,overcast clouds
429,Bogorodskoye,RU,56.55,37.88,39.0,91,100,7.14,overcast clouds
430,Nelson,NZ,-41.28,173.28,55.0,86,100,5.01,moderate rain
431,Arlit,NE,18.74,7.39,69.44,28,0,4.81,clear sky
432,Geneva,US,41.89,-88.31,33.01,83,1,9.17,clear sky
433,Inuvik,CA,68.35,-133.72,12.2,92,90,2.24,overcast clouds
434,Rehoboth,NA,-23.32,17.08,62.06,27,1,4.74,clear sky
435,Balmazujvaros,HU,47.62,21.35,44.6,100,90,6.93,light intensity drizzle
436,Sovetskaya,RU,44.78,41.17,52.99,93,100,3.69,light rain
437,Byron Bay,AU,-28.65,153.62,75.99,64,40,25.28,scattered clouds
438,Nuqui,CO,5.71,-77.27,77.22,85,94,3.94,light rain
439,Chara,RU,56.91,118.26,-2.65,84,21,2.46,few clouds
440,Seymchan,RU,62.88,152.43,15.84,95,99,3.56,overcast clouds
441,Erzin,TR,36.96,36.2,66.99,70,89,5.99,overcast clouds
442,Suoyarvi,RU,62.08,32.35,29.95,99,36,7.61,scattered clouds
443,Zhangjiakou,CN,40.81,114.88,37.17,55,0,19.6,clear sky
444,Qinggang,CN,46.68,126.08,30.96,85,71,12.77,broken clouds
445,Robertsport,LR,6.75,-11.37,79.07,83,4,6.42,light rain
446,Chegdomyn,RU,51.12,133.02,35.02,82,100,2.1,overcast clouds
447,Ban Nahin,LA,18.24,104.21,85.1,53,71,3.78,broken clouds
448,Namibe,AO,-15.2,12.15,69.64,78,8,4.32,clear sky
449,Santa Isabel,BR,-23.32,-46.22,57.2,87,75,6.93,broken clouds
450,Bela,IN,25.93,81.98,74.53,26,0,6.64,clear sky
451,Lander,US,42.83,-108.73,46.4,42,1,1.74,clear sky
452,Balikpapan,ID,-1.27,116.83,82.4,78,40,3.36,light rain
453,Coahuayana,MX,18.73,-103.68,77.85,80,0,1.99,clear sky
454,Dukat,RU,62.55,155.55,15.96,96,100,5.19,overcast clouds
455,Narsaq,GL,60.92,-46.05,23.0,73,0,4.7,clear sky
456,Rio Gallegos,AR,-51.62,-69.22,50.0,76,0,3.36,clear sky
457,Tiarei,PF,-17.53,-149.33,84.2,66,40,8.05,scattered clouds
458,Huoqiu,CN,32.34,116.27,67.1,26,74,6.02,broken clouds
459,Nusaybin,TR,37.08,41.22,71.6,26,75,11.41,broken clouds
460,Togur,RU,58.36,82.83,29.93,96,92,10.54,overcast clouds
461,Monrovia,LR,6.3,-10.8,78.19,87,3,7.52,light rain
462,Ust-Omchug,RU,61.15,149.63,25.93,96,100,3.36,light snow
463,Grindavik,IS,63.84,-22.43,35.6,80,75,5.82,broken clouds
464,Balagansk,RU,54.01,103.05,21.04,87,66,8.9,broken clouds
465,Hambantota,LK,6.12,81.12,82.09,73,93,3.85,moderate rain
466,Alice Springs,AU,-23.7,133.88,91.4,11,0,10.29,clear sky
467,Chapais,CA,49.78,-74.85,32.0,99,90,9.66,light snow
468,Urumqi,CN,43.8,87.6,39.2,51,0,4.47,clear sky
469,Umm Lajj,SA,25.02,37.27,76.78,70,24,4.56,few clouds
470,Nadym,RU,65.53,72.52,23.95,97,87,15.77,overcast clouds
471,Antalaha,MG,-14.9,50.28,67.82,72,26,7.09,scattered clouds
472,Misratah,LY,32.38,15.09,67.66,60,0,2.24,clear sky
473,Karratha,AU,-20.74,116.85,82.47,43,18,15.73,few clouds
474,Sorland,NO,67.67,12.69,48.85,83,100,30.82,overcast clouds
475,Morgantown,US,39.63,-79.96,33.8,69,40,11.41,scattered clouds
476,Verkhoyansk,RU,67.54,133.38,-10.34,87,72,2.8,broken clouds
477,Te Anau,NZ,-45.42,167.72,60.31,39,14,1.9,few clouds
478,Hasaki,JP,35.73,140.83,70.0,73,75,10.29,broken clouds
479,Nanuque,BR,-17.84,-40.35,66.52,88,100,10.02,overcast clouds
480,Arkadelphia,US,34.12,-93.05,44.6,100,1,4.7,clear sky
481,Vallenar,CL,-28.57,-70.76,54.95,56,0,1.14,clear sky
482,Ballina,AU,-28.87,153.57,77.0,64,40,25.28,scattered clouds
483,Aripuana,BR,-9.17,-60.63,71.46,98,100,1.97,light rain
484,Havre-Saint-Pierre,CA,50.23,-63.6,42.8,75,100,13.87,overcast clouds
485,Nurlat,RU,54.43,50.81,32.14,98,0,5.97,clear sky
486,Pangkalanbuun,ID,-2.68,111.62,86.63,68,97,4.83,light rain
487,Oschersleben,DE,52.03,11.25,61.0,86,100,5.99,light rain
488,Arrecife,ES,28.96,-13.55,68.0,77,100,9.17,overcast clouds
489,Xunchang,CN,28.45,104.72,59.04,70,100,1.57,light rain
490,Acajutla,SV,13.59,-89.83,79.7,75,38,6.62,scattered clouds
491,Qingyuan,CN,23.7,113.03,78.8,47,49,13.42,light rain
492,San Luis,AR,-33.3,-66.34,66.49,30,3,8.88,clear sky
493,Dzilam Gonzalez,MX,21.28,-88.93,75.07,82,83,7.0,broken clouds
494,Tigil,RU,57.8,158.67,39.76,69,61,8.25,broken clouds
495,Amapa,BR,1.0,-52.0,74.53,89,88,2.86,overcast clouds
496,Dudinka,RU,69.41,86.18,19.4,85,75,4.47,light snow
497,Sobolevo,RU,54.43,31.9,41.81,92,100,8.34,overcast clouds
498,Tazovskiy,RU,67.47,78.7,19.58,97,98,14.45,overcast clouds
499,Nanzhou,CN,29.36,112.4,67.37,53,49,8.59,scattered clouds
500,Pandan,PH,14.05,124.17,86.04,67,100,6.98,heavy intensity rain
501,Acapulco,MX,16.86,-99.89,80.58,77,87,5.7,overcast clouds
502,Naze,JP,28.37,129.48,80.6,78,20,3.36,few clouds
503,Santarem,BR,-2.44,-54.71,77.0,88,20,1.3,light rain
504,Niamey,NE,13.51,2.11,80.01,17,0,10.49,clear sky
505,Turukhansk,RU,65.82,87.98,22.51,98,100,14.05,light snow
506,Tomatlan,MX,19.93,-105.25,76.44,89,0,1.88,clear sky
507,Evans,US,33.53,-82.13,64.4,52,1,10.29,clear sky
508,Quatre Cocos,MU,-20.21,57.76,69.01,93,40,4.7,scattered clouds
509,Impfondo,CG,1.64,18.07,69.67,98,100,2.71,light rain
510,Buchanan,LR,5.88,-10.05,77.47,88,64,4.97,broken clouds
511,Itarema,BR,-2.92,-39.92,79.66,80,39,11.83,scattered clouds
512,Winslow,US,35.02,-110.7,55.4,30,1,8.61,clear sky
513,Piacabucu,BR,-10.41,-36.43,77.2,83,85,12.08,overcast clouds
514,Sume,BR,-7.67,-36.88,71.92,84,28,13.09,scattered clouds
515,Agadir,MA,30.42,-9.6,59.0,58,0,8.05,clear sky
516,Bonheiden,BE,51.02,4.55,64.99,93,75,20.8,broken clouds
517,Colares,PT,38.8,-9.45,64.0,88,85,3.0,overcast clouds
518,Aksu,CN,41.12,80.26,46.06,48,0,1.86,clear sky
519,Kholodnyy,RU,62.72,147.95,4.21,88,90,2.91,overcast clouds
520,Saurimo,AO,-9.66,20.39,62.98,94,39,2.73,scattered clouds
521,Passo De Camaragibe,BR,-9.24,-35.49,75.2,88,0,6.93,clear sky
522,Auki,SB,-8.77,160.7,85.33,73,29,1.86,moderate rain
523,Arica,CL,-18.48,-70.3,64.0,75,71,1.01,broken clouds
524,Bousso,TD,10.48,16.71,77.49,65,8,3.11,clear sky
525,Port Hedland,AU,-20.32,118.57,87.8,45,40,10.29,scattered clouds
526,North Myrtle Beach,US,33.82,-78.68,61.0,87,1,9.17,clear sky
527,Zhenhai,CN,24.26,118.09,78.8,50,20,15.66,few clouds
528,Ketchikan,US,55.34,-131.65,51.8,100,90,51.67,heavy intensity rain
529,Russell,US,32.35,-85.2,62.6,62,1,9.17,clear sky
530,Jumla,NP,29.27,82.18,57.56,40,0,3.09,clear sky
531,Beringovskiy,RU,63.05,179.32,24.49,93,98,3.29,overcast clouds
532,Tyazhinskiy,RU,56.12,88.52,32.88,96,100,14.34,overcast clouds
533,Port-Cartier,CA,50.03,-66.87,39.2,86,100,3.36,overcast clouds
534,Kalevala,RU,65.2,31.17,36.55,88,100,10.92,overcast clouds
535,Puerto Escondido,MX,15.85,-97.07,79.72,71,0,4.34,clear sky
536,Hammerfest,NO,70.66,23.68,42.8,81,100,46.08,overcast clouds
537,Murgab,TM,37.5,61.97,48.2,57,0,4.7,clear sky
538,Buy,RU,58.48,41.53,29.89,97,10,4.81,clear sky
539,Zeerust,ZA,-25.54,26.08,59.18,86,25,6.98,scattered clouds
540,Fuxin,CN,42.02,121.66,41.31,52,0,16.8,clear sky
541,Fort Nelson,CA,58.81,-122.7,14.0,78,90,11.41,light snow
542,Aitape,PG,-3.14,142.35,86.94,64,97,6.73,overcast clouds
543,Calafell,ES,41.2,1.57,62.01,91,1,3.36,clear sky
544,Kholmogory,RU,64.22,41.66,32.0,97,75,2.24,broken clouds
545,Saint-Louis,SN,16.33,-15.0,83.86,15,88,9.4,overcast clouds
546,Benghazi,LY,32.12,20.07,69.98,63,35,10.2,scattered clouds
547,Henties Bay,NA,-22.12,14.28,55.0,92,90,3.29,overcast clouds
548,Brisbane,AU,-27.47,153.03,84.0,53,75,12.75,broken clouds
549,Grootfontein,NA,-19.57,18.12,71.76,33,23,7.27,few clouds
550,La Ronge,CA,55.1,-105.28,35.6,86,99,2.24,overcast clouds
551,Nizhneudinsk,RU,54.91,99.03,32.22,84,96,4.43,overcast clouds
552,Kattivakkam,IN,13.22,80.32,78.8,94,20,4.7,mist
553,Baglan,AF,36.13,68.71,53.74,28,17,2.46,few clouds
554,Moron,AR,-34.65,-58.62,66.99,44,0,3.0,clear sky
555,Karasuk,RU,53.74,78.04,37.22,93,100,13.94,light rain
556,Sabzevar,IR,36.21,57.68,52.93,42,0,4.07,clear sky
557,Kedougou,SN,12.56,-12.17,76.35,41,0,2.33,clear sky
558,Sechura,PE,-5.56,-80.82,63.43,83,93,11.48,overcast clouds
559,Pleasantville,US,39.39,-74.52,48.99,81,1,13.87,clear sky
560,Fare,PF,-16.7,-151.02,80.73,80,45,18.9,light rain
561,Kappeln,DE,54.66,9.93,62.01,93,100,23.04,overcast clouds
562,Tianpeng,CN,30.99,103.94,68.0,1,45,4.61,scattered clouds
563,Nerchinskiy Zavod,RU,51.31,119.61,15.51,74,100,14.38,overcast clouds
564,Zaraza,VE,9.35,-65.32,75.0,96,98,2.71,light rain
565,Jining,CN,35.41,116.58,63.95,27,0,12.71,clear sky
566,Samana,DO,19.21,-69.34,77.43,88,51,7.78,broken clouds
567,Bontang,ID,0.13,117.5,80.62,79,100,8.97,heavy intensity rain
568,Morro Bay,US,35.37,-120.85,68.0,54,14,2.75,few clouds
569,Lancaster,US,40.25,-76.25,44.6,52,1,21.92,clear sky
570,Falun,SE,60.6,15.63,48.99,93,100,16.11,light intensity drizzle
571,Marsabit,KE,2.33,37.99,63.61,98,87,16.49,light rain
572,High Rock,BS,26.62,-78.28,80.35,81,0,7.56,clear sky
573,Opunake,NZ,-39.46,173.86,60.01,86,100,5.01,overcast clouds
574,Khash,IR,28.22,61.22,48.16,29,0,2.55,clear sky
575,Palmer,US,42.16,-72.33,42.8,75,75,11.41,broken clouds
576,Basco,PH,20.45,121.97,79.86,80,100,28.86,overcast clouds
577,Souris,CA,49.62,-100.26,36.0,69,75,11.41,broken clouds
578,Bubaque,GW,11.28,-15.83,83.14,77,0,15.61,light rain
579,San Andres,CO,12.58,-81.7,80.6,88,75,4.7,broken clouds
580,Laguna,US,38.42,-121.42,66.0,45,1,3.02,clear sky
581,Bonavista,CA,48.65,-53.11,37.0,74,26,5.82,scattered clouds
582,Waw,SS,7.7,28.0,73.67,78,100,3.44,overcast clouds
583,Zyryanka,RU,65.75,150.85,0.63,92,91,1.88,overcast clouds
584,Birao,CF,10.28,22.79,72.09,47,25,1.79,scattered clouds
585,Muros,ES,42.78,-9.06,66.0,91,100,14.0,overcast clouds
586,Bonthe,SL,7.53,-12.51,77.92,87,2,6.8,moderate rain
587,Ko Samui,TH,9.54,99.94,89.6,70,20,4.7,few clouds
588,Bow Island,CA,49.87,-111.37,51.8,50,12,6.93,few clouds
589,Magadan,RU,59.57,150.8,31.96,93,100,10.25,overcast clouds
590,Taoudenni,ML,22.68,-3.98,75.07,20,100,14.45,overcast clouds
591,Polewali,ID,-3.43,119.34,87.82,58,100,3.13,light rain
592,Kirakira,SB,-10.45,161.92,78.78,86,99,6.08,moderate rain
593,Conceicao Do Araguaia,BR,-8.26,-49.26,75.76,89,100,2.24,moderate rain
594,Port Moresby,PG,-9.44,147.18,91.4,63,40,11.41,haze
595,Souillac,MU,-20.52,57.52,64.4,93,40,4.7,scattered clouds
596,Alihe,CN,50.57,123.72,17.67,84,100,10.11,overcast clouds
597,Champerico,GT,14.3,-91.92,66.99,96,82,0.31,broken clouds
598,Port Shepstone,ZA,-30.74,30.45,63.3,88,100,9.01,light rain
599,Port Hardy,CA,50.7,-127.42,51.8,93,90,7.58,overcast clouds
600,Oranjestad,AW,12.52,-70.03,78.8,88,20,4.7,few clouds
601,Panorama,GR,40.59,23.03,57.0,81,20,4.7,few clouds
602,Ambulu,ID,-8.35,113.61,85.87,67,41,5.08,scattered clouds
603,Presidencia Roque Saenz Pena,AR,-26.79,-60.44,62.71,68,1,6.67,clear sky
604,Makakilo City,US,21.35,-158.09,82.4,65,40,9.17,light rain
605,Meulaboh,ID,4.14,96.13,79.97,82,97,3.2,overcast clouds
606,Tsushima,JP,35.17,136.72,60.8,93,75,3.36,light intensity shower rain
607,Ulladulla,AU,-35.35,150.47,66.2,68,75,9.17,broken clouds
608,Skhisma,GR,35.27,25.72,66.2,63,20,9.17,few clouds
609,Jalpan,MX,21.23,-99.48,58.82,77,18,0.27,few clouds
610,Markova,UA,48.68,24.41,35.62,84,16,5.5,few clouds
611,Waitati,NZ,-45.75,170.57,55.0,65,98,17.0,overcast clouds
612,Manado,ID,1.49,124.85,87.8,62,40,6.93,scattered clouds
613,Porto Novo,BJ,6.5,2.6,77.59,89,11,6.11,light rain
614,Uyuni,BO,-20.46,-66.83,46.26,41,0,11.43,clear sky
615,Price,US,39.6,-110.81,44.6,30,1,8.05,clear sky
616,Florencia,IT,43.77,11.25,59.0,93,75,2.24,broken clouds
617,Sao Felix Do Xingu,BR,-6.64,-51.99,72.41,94,99,1.43,light rain
618,Maceio,BR,-9.67,-35.74,75.2,88,0,6.93,clear sky
619,Marrakesh,MA,31.63,-8.01,60.8,51,0,2.24,clear sky
620,Matiguas,NI,12.84,-85.46,71.76,92,100,1.68,overcast clouds
621,Kavaratti,IN,10.57,72.64,81.01,71,0,1.48,clear sky
622,Tual,ID,-5.67,132.75,83.32,73,100,11.97,overcast clouds
623,Ca Mau,VN,9.18,105.15,84.94,73,100,4.65,overcast clouds
624,Alekseyevka,RU,50.63,38.69,51.28,90,100,11.39,light rain
625,Olinda,BR,-8.01,-34.86,80.6,74,40,6.93,scattered clouds
626,Tura,IN,25.52,90.22,76.64,83,98,1.77,overcast clouds
627,Paita,PE,-5.09,-81.11,61.81,90,74,8.3,broken clouds
628,Nehe,CN,48.48,124.83,24.1,89,100,13.04,overcast clouds
629,Havelock,US,34.88,-76.9,60.01,93,1,11.41,clear sky
630,Jeremie,HT,18.65,-74.12,80.06,73,100,2.26,overcast clouds
631,Iquique,CL,-20.22,-70.14,62.6,72,90,8.05,overcast clouds
632,Cabedelo,BR,-6.98,-34.83,78.8,83,75,5.82,broken clouds
633,Kyshtovka,RU,56.55,76.63,29.19,98,55,6.78,broken clouds
634,Zambezi,ZM,-13.54,23.1,63.1,42,0,2.62,clear sky
635,Genhe,CN,50.78,121.52,11.3,87,100,10.74,overcast clouds
636,Mbandaka,CD,0.05,18.26,69.69,97,100,4.56,light rain
637,Mayo,US,38.89,-76.51,53.6,46,40,17.22,scattered clouds
638,Shenjiamen,CN,29.96,122.3,64.08,80,99,16.17,overcast clouds
639,Regina,CA,50.45,-104.62,42.01,48,20,11.41,few clouds
640,Sola,VU,-13.88,167.55,81.21,84,50,17.27,light rain
641,Yarke Pole,UA,45.61,34.32,49.98,86,100,8.28,overcast clouds
642,Kletnya,RU,53.39,33.22,46.4,93,90,4.47,mist
643,Sistranda,NO,63.73,8.83,51.8,66,0,19.46,clear sky
644,Paracuru,BR,-3.41,-39.03,80.01,76,41,20.0,scattered clouds
645,Phan Thiet,VN,10.93,108.1,81.59,73,100,4.97,overcast clouds
646,Mastic Beach,US,40.77,-72.85,50.0,83,75,5.99,broken clouds
647,Fort Morgan,US,40.25,-103.8,53.6,27,1,4.07,clear sky
648,Xiongzhou,CN,25.12,114.3,69.67,66,84,7.67,broken clouds
649,Esso,RU,55.93,158.7,31.05,93,98,3.56,overcast clouds
650,Deputatskiy,RU,69.3,139.9,-14.17,88,38,5.88,scattered clouds
651,Tromso,NO,69.65,18.96,48.2,66,75,71.36,light rain
652,Nyurba,RU,63.28,118.33,5.49,87,58,10.16,broken clouds
653,Woodstock,CA,43.13,-80.75,32.0,96,97,10.29,overcast clouds
654,Santa Vitoria Do Palmar,BR,-33.52,-53.37,53.06,84,0,3.44,clear sky
655,Buala,SB,-8.14,159.59,86.97,65,56,2.3,light rain
656,Issa,RU,53.87,44.86,41.49,91,96,6.22,overcast clouds
657,Macaubas,BR,-13.02,-42.7,69.89,87,87,2.15,overcast clouds
658,Gazanjyk,TM,39.24,55.52,63.36,28,23,8.23,few clouds
659,Ishinomaki,JP,38.42,141.3,62.6,72,75,9.17,light intensity shower rain
660,Madimba,TZ,-10.4,40.33,71.6,94,75,3.83,broken clouds
661,Nabire,ID,-3.37,135.48,83.43,80,100,3.44,light rain
662,Rolandia,BR,-23.31,-51.37,64.4,68,0,14.99,clear sky
663,Kalemie,CD,-5.95,29.19,69.93,74,62,1.5,light rain
664,Karpogory,RU,64.0,44.45,31.26,94,88,5.41,overcast clouds
665,Katima Mulilo,NA,-17.5,24.27,77.0,29,6,3.36,clear sky
666,Tampere,FI,61.5,23.79,46.4,81,100,13.87,overcast clouds
667,Whyalla,AU,-33.03,137.58,86.0,27,0,11.41,clear sky
668,Roald,NO,62.58,6.13,51.8,57,69,11.41,broken clouds
669,Kushiro,JP,42.98,144.37,57.2,93,75,14.99,light intensity shower rain
670,Esil,KZ,51.96,66.4,28.99,97,0,8.16,clear sky
671,Conroe,US,30.31,-95.46,64.99,76,1,3.36,clear sky
672,San Quintin,MX,30.48,-115.95,66.31,68,0,5.26,clear sky
673,Lima,PE,-12.04,-77.03,62.6,82,90,10.29,overcast clouds
674,Kyabe,TD,9.45,18.94,75.27,75,100,1.72,overcast clouds
675,Murfreesboro,US,35.85,-86.39,48.2,31,75,11.41,broken clouds
676,Imbituba,BR,-28.24,-48.67,62.6,88,75,8.05,broken clouds
677,Sanming,CN,26.25,117.62,74.84,55,43,5.01,scattered clouds
678,Tongliao,CN,43.61,122.27,39.06,55,0,19.42,clear sky
679,Sabha,LY,27.04,14.43,59.07,62,0,9.71,clear sky
680,Vestmanna,FO,62.16,-7.17,44.6,87,54,16.11,broken clouds
681,Sukumo,JP,32.93,132.73,63.34,90,100,5.3,overcast clouds
682,Ponta Delgada,PT,37.73,-25.67,62.6,82,20,8.05,few clouds
683,Oussouye,SN,12.48,-16.55,79.66,80,0,5.97,clear sky
684,Khislavichi,RU,54.19,32.16,42.33,93,100,9.04,overcast clouds
685,Oksfjord,NO,70.24,22.35,42.8,81,98,26.4,overcast clouds
686,Outjo,NA,-20.12,16.15,70.34,22,58,5.55,broken clouds
687,Kinsale,IE,51.71,-8.53,46.4,93,75,11.41,broken clouds
688,Trairi,BR,-3.28,-39.27,79.45,79,37,11.14,scattered clouds
689,Strezhevoy,RU,60.73,77.59,32.0,97,90,8.95,overcast clouds
690,Leshukonskoye,RU,64.9,45.76,30.72,97,100,7.38,overcast clouds
691,Bandarbeyla,SO,9.49,50.81,76.51,76,0,17.65,clear sky
692,Stykkisholmur,IS,65.08,-22.73,34.92,87,100,6.4,light rain
693,Vitim,RU,59.45,112.56,8.64,87,0,5.26,clear sky
694,Pontianak,ID,-0.03,109.33,85.84,70,100,2.75,overcast clouds
695,Kuching,MY,1.55,110.33,86.0,70,20,5.82,few clouds
696,Stromness,GB,58.97,-3.3,48.2,81,8,24.16,clear sky
697,Khawhai,IN,23.37,93.12,70.45,81,35,0.92,scattered clouds
698,Liverpool,GB,53.41,-2.98,63.0,77,75,26.4,broken clouds
699,Mattru,SL,7.62,-11.83,73.6,98,8,1.28,light rain
700,Khudumelapye,BW,-23.88,24.75,65.55,72,45,12.73,scattered clouds
701,Burnie,AU,-41.07,145.92,63.0,58,66,8.01,broken clouds
702,Foumban,CM,5.73,10.9,64.38,94,100,1.97,overcast clouds
